 1,  Rik ,  Wassung ,  rwassung0@artisteer.com ,  QztlKpod ,True,International Class 2019_EASV
 2,  Dorothea ,  Swayne ,  dswayne1@army.mil ,  4mXhU385hrUX ,True,Danish Class 2019_EASV
 3,  Gardie ,  Janway ,  gjanway2@dion.ne.jp ,  q1BCRKMVRJRm ,True,International Class 2020_EASV
 4,  Morie ,  Ducrow ,  mducrow3@weibo.com ,  LJ4RMaRTc1y ,True,Danish Class 2020_EASV
 5,  Clarabelle ,  Sevitt ,  csevitt4@washingtonpost.com ,  3kYxlrIVroP ,True,International Class 2021_EASV
 6,  Pippo ,  Januszkiewicz ,  pjanuszkiewicz5@linkedin.com ,  OZC8UI2  ,True,International Class 2019_EASV
 7,  Archaimbaud ,  Macklam ,  amacklam6@altervista.org ,  UnemLTr  ,True,Danish Class 2019_EASV
 8,  Geoffry ,  Scinelli ,  gscinelli7@prlog.org ,  osT1Kp9zPBSg  ,True,International Class 2020_EASV
 9,  Myrtle ,  Greatham ,  mgreatham8@ocn.ne.jp ,  AfZ9PJnVqp  ,True,Danish Class 2020_EASV
 10,  Kaycee ,  Standell ,  kstandell9@patch.com ,  tmZIhM8GOTbs ,True,International Class 2021_EASV
 11,  Oralle ,  Boeter ,  oboetera@lycos.com ,  CFy7wvaZOL  ,True,Danish Class 2021_EASV
 12,  Ethe ,  Jouannisson ,  ejouannissonb@blogs.com ,  H2iVIHepc  ,True,International Class 2019_EASV
 13,  Skye ,  Abramovitz ,  sabramovitzc@freewebs.com ,  qsMtUPe  ,True,Danish Class 2019_EASV
 14,  Mathian ,  Rabjohn ,  mrabjohnd@eepurl.com ,  sAnSRPT3Xwx  ,True,International Class 2020_EASV
 15,  Margarethe ,  Eddisforth ,  meddisforthe@umich.edu ,  6TIN9cTOV  ,True,Danish Class 2020_EASV
 16,  Aluino ,  Pydcock ,  apydcockf@a8.net ,  Fyjgv8 ,True,International Class 2021_EASV
 17,  Alexa ,  Montford ,  amontfordg@japanpost.jp ,  KiOfAOlQ  ,True,Danish Class 2021_EASV
 18,  Gaspar ,  Swapp ,  gswapph@wix.com ,  ORaWmxrsl  ,True,International Class 2019_EASV
 19,  Ania ,  Savoury ,  asavouryi@pbs.org ,  qqhI7OCS  ,True,Danish Class 2019_EASV
 20,  Codee ,  Bridger ,  cbridgerj@seesaa.net ,  eowSKQAuUQX  ,True,International Class 2020_EASV
 21,  Kimberley ,  Botton ,  kbottonk@mapquest.com ,  JeBILhs ,True,Danish Class 2020_EASV
 22,  Marlie ,  Deakin ,  mdeakinl@facebook.com ,  sPZo8U ,True,International Class 2021_EASV
 23,  Orland ,  Joao ,  ojoaom@mac.com ,  2pFBdNQ  ,True,Danish Class 2021_EASV
 24,  Shea ,  Andino ,  sandinon@amazon.de ,  gRCxKVzLTkU  ,True,International Class 2019_EASV
 25,  Neel ,  Decaze ,  ndecazeo@un.org ,  ecA6rDzg  ,True,Danish Class 2019_EASV
 26,  Minnie ,  Cadman ,  mcadmanp@nps.gov ,  FsOhO9ZB  ,True,International Class 2020_EASV
 27,  Lucia ,  Hepher ,  lhepherq@washingtonpost.com ,  9UKPtIv  ,True,Danish Class 2020_EASV
 28,  Seth ,  Kures ,  skuresr@google.cn ,  nI1QjqLNwP ,True,International Class 2021_EASV
 29,  Willy ,  Ponceford ,  wponcefords@taobao.com ,  psJxHAAvZL  ,True,Danish Class 2021_EASV
 30,  Dehlia ,  Hacon ,  dhacont@ft.com ,  orb11Mb5nl  ,True,International Class 2019_EASV
 31,  Thain ,  Vautier ,  tvautieru@drupal.org ,  hRawaS  ,True,Danish Class 2019_EASV
 32,  Hersh ,  Van Oort ,  hvanoortv@cnbc.com ,  EUhNLW  ,True,International Class 2020_EASV
 33,  Bary ,  Kittles ,  bkittlesw@ebay.com ,  bZuLNWt6ojRD  ,True,Danish Class 2020_EASV
 34,  Kerri ,  Beevis ,  kbeevisx@geocities.com ,  HFEaNBHN6mZ  ,True,International Class 2021_EASV
 35,  Edee ,  Richarz ,  ericharzy@statcounter.com ,  IfqAeEOfQ2  ,True,Danish Class 2021_EASV
 36,  Cordie ,  Bank ,  cbankz@edublogs.org ,  DQS8ShCBegXS  ,True,International Class 2019_EASV
 37,  Bucky ,  Cometson ,  bcometson10@gizmodo.com ,  O9uCHwYoo  ,True,Danish Class 2019_EASV
 38,  Erroll ,  Andree ,  eandree11@deviantart.com ,  pDXMGeuB8i  ,True,International Class 2020_EASV
 39,  Free ,  Hunsworth ,  fhunsworth12@unesco.org ,  7dMO0I  ,True,Danish Class 2020_EASV
 40,  Lindsey ,  Lukasik ,  llukasik13@statcounter.com ,  CHrfiqPmd  ,True,International Class 2021_EASV
 41,  Jarad ,  Rising ,  jrising14@ebay.co.uk ,  ZO5vqZn6  ,True,Danish Class 2021_EASV
 42,  Lyndsie ,  Dudman ,  ldudman15@japanpost.jp ,  rmkHPRRQ  ,True,International Class 2019_EASV
 43,  Kurt ,  Gemelli ,  kgemelli16@mit.edu ,  RfVqyUN ,True,Danish Class 2019_EASV
 44,  Francisca ,  Wyd ,  fwyd17@soundcloud.com ,  7zSsb3  ,True,International Class 2020_EASV
 45,  Peggi ,  Ranaghan ,  pranaghan18@yahoo.com ,  WOpczB  ,True,Danish Class 2020_EASV
 46,  Basilius ,  Farnworth ,  bfarnworth19@princeton.edu ,  5YFYWN  ,True,International Class 2021_EASV
 47,  Itch ,  Belward ,  ibelward1a@washingtonpost.com ,  yOw0x8H19wY  ,True,Danish Class 2021_EASV
 48,  Galina ,  Puckinghorne ,  gpuckinghorne1b@amazon.com ,  HPDvmGSW8gK  ,True,International Class 2019_EASV
 49,  Shanna ,  Yakovl ,  syakovl1c@bloglines.com ,  z1mCAjVGkkV ,True,Danish Class 2019_EASV
 50,  Packston ,  Thirtle ,  pthirtle1d@wp.com ,  DtDal90 ,True,International Class 2020_EASV
 51,  Roxine ,  Hale ,  rhale1e@purevolume.com ,  kWnXLZ7E  ,True,Danish Class 2020_EASV
 52,  Nydia ,  Burchess ,  nburchess1f@howstuffworks.com ,  404pGRr  ,True,International Class 2021_EASV
 53,  Madelle ,  Minchinden ,  mminchinden1g@blogspot.com ,  9BSnChG  ,True,Danish Class 2021_EASV
 54,  Tillie ,  Leonards ,  tleonards1h@tripadvisor.com ,  d9Y4J97z9  ,True,International Class 2019_EASV
 55,  Alysa ,  Probyn ,  aprobyn1i@blinklist.com ,  RYI8CqA ,  True  , Danish Class 2019_EASV
 56,  Marcellus ,  Neale ,  mneale1j@miitbeian.gov.cn ,  EdpT8D7xN  ,True,International Class 2020_EASV
 57,  Prissie ,  Bellworthy ,  pbellworthy1k@over-blog.com ,  Pahsco  ,True,Danish Class 2020_EASV
 58,  Cad ,  Tolomei ,  ctolomei1l@walmart.com ,  ITEp9xRl ,True,International Class 2021_EASV
 59,  Rasia ,  Wabersinke ,  rwabersinke1m@photobucket.com ,  635J2C  ,True,Danish Class 2021_EASV
 60,  Lewes ,  Dytham ,  ldytham1n@java.com ,  cxXcJZPt  ,True,International Class 2019_EASV
 61,  Debra ,  Masser ,  dmasser1o@amazon.co.uk ,  pRFmXjsYV  ,True,Danish Class 2019_EASV
 62,  Danny ,  Lomaz ,  dlomaz1p@i2i.jp ,  5jOlZVOv  ,True,International Class 2020_EASV
 63,  Alejoa ,  Lampens ,  alampens1q@biblegateway.com ,  zaS1sbWDToJT ,True,Danish Class 2020_EASV
 64,  Marijo ,  Punton ,  mpunton1r@paypal.com ,  LmLBS39cF  ,True,International Class 2021_EASV
 65,  Esteban ,  Emes ,  eemes1s@epa.gov ,  2NwvM5  ,True,Danish Class 2021_EASV
 66,  Georgi ,  Townend ,  gtownend1t@youku.com ,  OGCd0i8TpBf ,True,International Class 2019_EASV
 67,  Baxie ,  Rapp ,  brapp1u@cargocollective.com ,  GlKCjS  ,True,Danish Class 2019_EASV
 68,  Meyer ,  Everit ,  meverit1v@rakuten.co.jp ,  BBHjtYpgM ,True,International Class 2020_EASV
 69,  Celisse ,  Norrie ,  cnorrie1w@soundcloud.com ,  EV9Kp35v  ,True,Danish Class 2020_EASV
 70,  Carce ,  Veltmann ,  cveltmann1x@multiply.com ,  2FyudS43  ,True,International Class 2021_EASV
 71,  Kerrill ,  Cresswell ,  kcresswell1y@bing.com ,  bzFOIr5J  ,True,Danish Class 2021_EASV
 72,  Garik ,  Guyonnet ,  gguyonnet1z@hc360.com ,  0Eev1Pt6z ,True,International Class 2019_EASV
 73,  Jennee ,  Whalebelly ,  jwhalebelly20@geocities.jp ,  9T97cMr3Rl ,True,Danish Class 2019_EASV
 74,  Edin ,  Bendin ,  ebendin21@mail.ru ,  bUMVScyaOr ,True,International Class 2020_EASV
 75,  Kori ,  Thorwarth ,  kthorwarth22@redcross.org ,  qq0C8KqirVWV  ,True,Danish Class 2020_EASV
 76,  Glennie ,  Pendred ,  gpendred23@arstechnica.com ,  wWNETv ,True,International Class 2021_EASV
 77,  Malorie ,  Maccari ,  mmaccari24@cafepress.com ,  irWE6IKN  ,True,Danish Class 2021_EASV
 78,  Alethea ,  Elies ,  aelies25@oaic.gov.au ,  rK0HPisYfcB ,True,International Class 2019_EASV
 79,  Gilly ,  Jacobowits ,  gjacobowits26@bloomberg.com ,  lhE8mkyxSWN  ,True,Danish Class 2019_EASV
 80,  Mace ,  Ruperti ,  mruperti27@businesswire.com ,  LI797u  ,True,International Class 2020_EASV
 81,  Hewe ,  Bunce ,  hbunce28@tinyurl.com ,  u4MSlvU  ,True,Danish Class 2020_EASV
 82,  Elicia ,  Fonzone ,  efonzone29@live.com ,  DOW6vMX2PBD  ,True,International Class 2021_EASV
 83,  Lorrie ,  Farnall ,  lfarnall2a@clickbank.net ,  Bz0mgYRo  ,True,Danish Class 2021_EASV
 84,  Brose ,  Vasilchenko ,  bvasilchenko2b@sphinn.com ,  qPs8P59MI  ,True,International Class 2019_EASV
 85,  Gamaliel ,  Covey ,  gcovey2c@hao123.com ,  MzNfPBln ,True,Danish Class 2019_EASV
 86,  Briana ,  Silber ,  bsilber2d@about.com ,  Pw24Pi  ,True,International Class 2020_EASV
 87,  Marjory ,  Kehri ,  mkehri2e@google.ru ,  fKY9NpL0v ,True,Danish Class 2020_EASV
 88,  Ermina ,  Di Filippo ,  edifilippo2f@nymag.com ,  To5FfP  ,True,International Class 2021_EASV
 89,  Ida ,  Normington ,  inormington2g@dropbox.com ,  IcvVOvsfriD  ,True,Danish Class 2021_EASV
 90,  Shannon ,  Roy ,  sroy2h@about.me ,  QRIW4rqB8ags ,True,International Class 2019_EASV
 91,  Darbee ,  Joll ,  djoll2i@engadget.com ,  Wkqai86KO9  ,True,Danish Class 2019_EASV
 92,  Bernardina ,  Clyant ,  bclyant2j@jiathis.com ,  2noGueVNcNs  ,True,International Class 2020_EASV
 93,  Aleda ,  Tiley ,  atiley2k@amazon.de ,  B9Ptl7GvE5Q ,True,Danish Class 2020_EASV
 94,  Antonia ,  Keddle ,  akeddle2l@ustream.tv ,  2515DaMac1  ,True,International Class 2021_EASV
 95,  Freedman ,  McCreedy ,  fmccreedy2m@1688.com ,  Kf2ncRW  ,True,Danish Class 2021_EASV
 96,  Belinda ,  Fitchet ,  bfitchet2n@google.de ,  PT6HQg  ,True,International Class 2019_EASV
 97,  Carri ,  Pibsworth ,  cpibsworth2o@hao123.com ,  S93SWz34ye  ,True,Danish Class 2019_EASV
 98,  Gregoire ,  Cosstick ,  gcosstick2p@tinyurl.com ,  ctGytiNJ  ,True,International Class 2020_EASV
 99,  Amalia ,  Arnull ,  aarnull2q@ifeng.com ,  pMn6EZxjc70v  ,True,Danish Class 2020_EASV
 100,  Christabella ,  Shord ,  cshord2r@bbc.co.uk ,  4BhMwYlx9aQ  ,True,International Class 2021_EASV
 101,  Mel ,  Grushin ,  mgrushin2s@soundcloud.com ,  kH4hP8pZ  ,True,Danish Class 2021_EASV
 102,  Anders ,  Jesse ,  ajesse2t@narod.ru ,  a4iBJO ,True,International Class 2019_EASV
 103,  Fields ,  Dudgeon ,  fdudgeon2u@va.gov ,  khZyUx8  ,True,Danish Class 2019_EASV
 104,  Derrek ,  Reignould ,  dreignould2v@unicef.org ,  nluY9S  ,True,International Class 2020_EASV
 105,  Eugen ,  Eastby ,  eeastby2w@wikimedia.org ,  2RisLBY0  ,True,Danish Class 2020_EASV
 106,  Belita ,  Duthie ,  bduthie2x@spotify.com ,  B3PWvNRnVr  ,True,International Class 2021_EASV
 107,  Idalia ,  McTrustie ,  imctrustie2y@sitemeter.com ,  1mMnrSbfY  ,True,Danish Class 2021_EASV
 108,  Toni ,  Mullins ,  tmullins2z@bandcamp.com ,  qkU03c  ,True,International Class 2019_EASV
 109,  Verene ,  Anespie ,  vanespie30@mail.ru ,  z712FrTvc1  ,True,Danish Class 2019_EASV
 110,  Godwin ,  Micka ,  gmicka31@paypal.com ,  oQkYguV  ,True,International Class 2020_EASV
 111,  Magnum ,  Hayball ,  mhayball32@umich.edu ,  KrIrZ9NN  ,True,Danish Class 2020_EASV
 112,  Vinnie ,  Garard ,  vgarard33@hud.gov ,  KWZbKoGmWQq  ,True,International Class 2021_EASV
 113,  Allard ,  Wicken ,  awicken34@pcworld.com ,  ijB3CWAuGvK2  ,True,Danish Class 2021_EASV
 114,  Jessica ,  Weine ,  jweine35@google.nl ,  wSPMiz7TJZ  ,True,International Class 2019_EASV
 115,  Baird ,  Sarfass ,  bsarfass36@bloomberg.com ,  bhR43un  ,True,Danish Class 2019_EASV
 116,  Clair ,  Scemp ,  cscemp37@surveymonkey.com ,  BrHqxdsN15So ,True,International Class 2020_EASV
 117,  Harri ,  Housin ,  hhousin38@chronoengine.com ,  vyk6Yxw ,True,Danish Class 2020_EASV
 118,  Margaux ,  Gudgen ,  mgudgen39@freewebs.com ,  OMqNMDhN2BO  ,True,International Class 2021_EASV
 119,  Rosy ,  Fellnee ,  rfellnee3a@nsw.gov.au ,  00COTuV1J  ,True,Danish Class 2021_EASV
 120,  Danny ,  Boyett ,  dboyett3b@zimbio.com ,  7dctKb4r  ,True,Danish Class 2021_EASV
 121,  Aileen ,  Moffat ,  amoffat0@sogou.com ,  KcCoeC  , False
 122,  Fawn ,  Severns ,  fseverns1@360.cn ,  P3OOo6jH , False
 123,  Eduino ,  Kruger ,  ekruger2@bloglovin.com ,  hmhlHQs7aig , False
 124,  Bethena ,  Wagstaffe ,  bwagstaffe3@mac.com ,  rAd7qNi , False